REQ_OR_ITEM,V7_REFERENCE,INTERFACE,CURRENT_STATUS,EVIDENCE_BASIS,GAP,RISK,RADE_STAGE0_ACTION,PASS_FORBIDDEN_IF
P0-001,100 + V7 stable architecture,Vehicle/base interface; all downstream interfaces,PARTIAL,authoritative assembly hierarchy; exact part/body identity; configuration/revision manifest,a; u; t; h; o; r; i; t; a; t; i; v; e;  ; R; 4; .; 1;  ; c; o; m; p; o; n; e; n; t;  ; m; a; p; p; i; n; g; ;;  ; i; n; d; e; p; e; n; d; e; n; t;  ; c; o; n; f; i; g; u; r; a; t; i; o; n;  ; v; e; r; i; f; i; c; a; t; i; o; n,HIGH,Review disclosure and required evidence; do not create missing data.,Any missing authoritative evidence or any conversion from model/reference to fact.
P0-002,110L/110R,,PARTIAL,exact rail geometry/sections; rail axes/datums; mounting interfaces; parallelism/spacing; runner/capture geometry; continuous load path,a; u; t; h; o; r; i; t; a; t; i; v; e;  ; r; a; i; l;  ; g; e; o; m; e; t; r; y; /; t; o; l; e; r; a; n; c; e; s; ;;  ; h; a; r; d; p; o; i; n; t; /; f; i; x; t; u; r; e;  ; m; a; p; p; i; n; g; ;;  ; m; e; a; s; u; r; e; d;  ; L; /; R;  ; r; e; a; c; t; i; o; n; s,CRITICAL,Review disclosure and required evidence; do not create missing data.,Any missing authoritative evidence or any conversion from model/reference to fact.
P0-003,120,IF-R4-01; IF-R4-02; IF-R4-03; IF-R4-04,PARTIAL,carriage identity; prismatic joint; rail/runner mating; travel/end-stops; constraint graph,a; u; t; h; o; r; i; t; a; t; i; v; e;  ; j; o; i; n; t;  ; s; e; m; a; n; t; i; c; s; ;;  ; r; e; l; e; a; s; e; d;  ; e; n; d; -; s; t; o; p;  ; g; e; o; m; e; t; r; y; ;;  ; e; x; e; c; u; t; a; b; l; e;  ; a; u; t; h; o; r; i; t; a; t; i; v; e;  ; k; i; n; e; m; a; t; i; c;  ; p; r; o; o; f,HIGH,Review disclosure and required evidence; do not create missing data.,Any missing authoritative evidence or any conversion from model/reference to fact.
P0-004,130,IF-R4-01; IF-R4-02; IF-R4-05; IF-R4-06,PARTIAL,absorber mount geometry; working axis; clevis/pin interfaces; stroke envelope; bilateral topology; replaceability,s; e; l; e; c; t; e; d; /; s; e; r; i; a; l; i; z; e; d;  ; a; b; s; o; r; b; e; r; ;;  ; m; e; a; s; u; r; e; d;  ; F; -; x; /; F; -; v; /; h; y; s; t; e; r; e; s; i; s; /; t; e; m; p; e; r; a; t; u; r; e; ;;  ; e; x; a; c; t;  ; m; o; u; n; t;  ; t; o; l; e; r; a; n; c; e; s,HIGH,Review disclosure and required evidence; do not create missing data.,Any missing authoritative evidence or any conversion from model/reference to fact.
P0-005,110L/110R + 120 + 130,IF-R4-01; IF-R4-02,PARTIAL,displacement datum; L/R reaction locations; absorber force/stroke interface; instrumentation clearance,"c; a; l; i; b; r; a; t; e; d;  ; s; e; n; s; o; r; s; ;;  ; a; c; t; u; a; l;  ; l; o; a; d;  ; c; a; s; e; ;;  ; r; a; w;  ; m; e; a; s; u; r; e; d;  ; x; (; t; ); ,;  ; F; _; L; ,;  ; F; _; R",HIGH,Review disclosure and required evidence; do not create missing data.,Any missing authoritative evidence or any conversion from model/reference to fact.
P0-006,140,IF-R4-03; IF-R4-05; IF-R4-06; IF-R4-07,PARTIAL,seat-pan/pelvic geometry; reference surfaces/datums; front control/ramp; attachment/load path,r; e; l; e; a; s; e; d;  ; d; e; t; a; i; l; e; d;  ; g; e; o; m; e; t; r; y; ;;  ; d; y; n; a; m; i; c;  ; p; e; l; v; i; s; /; b; e; l; t; /; A; T; D;  ; e; v; i; d; e; n; c; e; ;;  ; o; c; c; u; p; a; n; t;  ; q; u; a; l; i; f; i; c; a; t; i; o; n,HIGH,Review disclosure and required evidence; do not create missing data.,Any missing authoritative evidence or any conversion from model/reference to fact.
P0-007,150L,IF-R4-08,PARTIAL,link geometry; pivot axes; attachment topology; stops/limits; clearance; inspection datums,a; u; t; h; o; r; i; t; a; t; i; v; e;  ; d; i; m; e; n; s; i; o; n; s; /; t; o; l; e; r; a; n; c; e; s; ;;  ; j; o; i; n; t;  ; c; o; m; p; l; i; a; n; c; e; ;;  ; l; i; n; k; -; l; o; a; d;  ; e; v; i; d; e; n; c; e; ;;  ; a; x; i; s;  ; v; e; r; i; f; i; c; a; t; i; o; n,HIGH,Review disclosure and required evidence; do not create missing data.,Any missing authoritative evidence or any conversion from model/reference to fact.
P0-008,150R,IF-R4-08 counterpart / bilateral control intent,PARTIAL,right-side link geometry; pivot axis; attachment topology; symmetry/inspection,a; u; t; h; o; r; i; t; a; t; i; v; e;  ; d; i; m; e; n; s; i; o; n; s; /; t; o; l; e; r; a; n; c; e; s; ;;  ; j; o; i; n; t;  ; c; o; m; p; l; i; a; n; c; e; ;;  ; a; x; i; s;  ; v; e; r; i; f; i; c; a; t; i; o; n; ;;  ; L; /; R;  ; d; i; f; f; e; r; e; n; t; i; a; l;  ; e; v; i; d; e; n; c; e,HIGH,Review disclosure and required evidence; do not create missing data.,Any missing authoritative evidence or any conversion from model/reference to fact.
P0-009,160,IF-R4-07; IF-R4-08; IF-R4-09,PARTIAL,frame geometry; hinge interface; link mounts; section/thickness; material identity; weld/joint definition,r; e; l; e; a; s; e; d;  ; f; a; b; r; i; c; a; t; i; o; n;  ; g; e; o; m; e; t; r; y; ;;  ; m; a; t; e; r; i; a; l;  ; c; e; r; t; i; f; i; c; a; t; e; s; ;;  ; w; e; l; d; /; j; o; i; n; t;  ; s; p; e; c; ;;  ; s; t; r; u; c; t; u; r; a; l;  ; c; a; p; a; c; i; t; y;  ; e; v; i; d; e; n; c; e,CRITICAL,Review disclosure and required evidence; do not create missing data.,Any missing authoritative evidence or any conversion from model/reference to fact.
P0-010,170,Lock state interfaces / current IF register context,PARTIAL,capture geometry; lock mechanism; engagement interface; release/reset; fault containment; state sensing,f; i; n; a; l;  ; p; h; y; s; i; c; a; l;  ; i; m; p; l; e; m; e; n; t; a; t; i; o; n; ;;  ; f; a; u; l; t; /; u; n; i; n; t; e; n; d; e; d; -; r; e; l; e; a; s; e;  ; t; e; s; t; s; ;;  ; v; a; l; i; d; a; t; e; d;  ; t; r; i; g; g; e; r; /; t; i; m; i; n; g,CRITICAL,Review disclosure and required evidence; do not create missing data.,Any missing authoritative evidence or any conversion from model/reference to fact.
P0-011,180,Rebound interface / current IF register context,PARTIAL,working axis; mounting/capture geometry; reverse-motion interface; reset path; clearance,f; i; n; a; l;  ; m; e; c; h; a; n; i; s; m;  ; s; e; l; e; c; t; i; o; n; ;;  ; m; e; a; s; u; r; e; d;  ; f; o; r; c; e; /; v; e; l; o; c; i; t; y;  ; l; a; w; ;;  ; r; e; b; o; u; n; d; /; s; e; c; o; n; d; a; r; y; -; e; x; c; u; r; s; i; o; n;  ; e; v; i; d; e; n; c; e,CRITICAL,Review disclosure and required evidence; do not create missing data.,Any missing authoritative evidence or any conversion from model/reference to fact.
P0-012,190,Restraint interface / vehicle dependency,PARTIAL,anchor geometry; structural load path; belt/airbag interface; vehicle hardpoints,v; e; h; i; c; l; e; -; s; p; e; c; i; f; i; c;  ; a; n; c; h; o; r;  ; c; o; o; r; d; i; n; a; t; e; s; ;;  ; d; y; n; a; m; i; c;  ; b; e; l; t;  ; g; e; o; m; e; t; r; y; /; a; n; c; h; o; r; a; g; e;  ; l; o; a; d; s; ;;  ; s; l; e; d; /; A; T; D;  ; e; v; i; d; e; n; c; e,CRITICAL,Review disclosure and required evidence; do not create missing data.,Any missing authoritative evidence or any conversion from model/reference to fact.
H/R-point,190/140/system,Vehicle-specific occupant reference,OEM_INPUT_REQUIRED,Vehicle input request + V6 caveat,No authoritative vehicle H/R-point set,CRITICAL,Define required OEM package.,If Rade uses placeholder or concept H-point as compliance fact.
Vehicle datum,100/110,Vehicle datum transform,OEM_INPUT_REQUIRED,VEHICLE_INPUT_REQUEST_R5,No authoritative datum,CRITICAL,Specify OEM datum package.,If coordinate system is inferred.
Seat hardpoints,100/110,Vehicle seat mount,OEM_INPUT_REQUIRED,VEHICLE_INPUT_REQUEST_R5,No controlled hardpoints,CRITICAL,Specify exact hardpoint evidence.,If coordinates are invented.
Materials,110/160/others,Part material identity,SOURCE_REQUIRED,Executive/readiness/gap registers,No direct allocation/certification,CRITICAL,Review material evidence chain.,If candidate/catalog data are called confirmed.
Fasteners,IF-R4-01..09,Interface hardware,SOURCE_REQUIRED / TEST_REQUIRED,V7_FASTENER_JOINT_DEFINITION_R5,Exact hardware/preload/torque absent,CRITICAL,Review allocation evidence requirements.,If common fastener classes are assumed.
Absorber,130,130L/130R interfaces,TEST_REQUIRED,V7 gap register,No physical curve/data,CRITICAL,Review test article and evidence requirements.,If design target is called measured.
Lock,170,Lock state transition,TEST_REQUIRED,V7 gap register,No physical fault evidence,CRITICAL,Review state/fault matrix.,If state behavior is assumed proven.
Rebound,180,Reverse motion,TEST_REQUIRED,V7 gap register,No measured law,HIGH,Review rebound evidence plan.,If rebound control is called validated.
PMI/GD&T,100-210,Critical characteristics,SOURCE_REQUIRED,V7_R2_PMI_GDT.json,Released PMI/GD&T 0%,CRITICAL,Review release prerequisites.,If tolerance is inferred from CAD.
CAE readiness,System,All critical input nodes,BLOCKED,V7_CAE_DEPENDENCY_GRAPH_R5.json,Mass/CG/inertia/contact/friction/absorber/load case etc. incomplete,CRITICAL,Review dependency ordering.,If any CAE PASS is issued before closure/authorization.
